-- ============================================================
-- VAKTO — demo seed matching the prototype (Kaffi Krónan).
-- Run in the Supabase SQL editor (service role bypasses RLS).
-- Idempotent: safe to re-run.
-- ============================================================

-- company
insert into companies (id, name, location, currency, default_burden) values
  ('00000000-0000-0000-0000-0000000000c0', 'Kaffi Krónan', 'Reykjavík', 'ISK', 30.2)
on conflict (id) do nothing;

-- locations
insert into locations (id, company_id, name, timezone) values
  ('00000000-0000-0000-0000-0000000000a1', '00000000-0000-0000-0000-0000000000c0', 'Reykjavík Asian', 'Atlantic/Reykjavik'),
  ('00000000-0000-0000-0000-0000000000a2', '00000000-0000-0000-0000-0000000000c0', 'Hotel Umi', 'Atlantic/Reykjavik')
on conflict (id) do nothing;

-- departments (under Reykjavík Asian)
insert into departments (id, location_id, name) values
  ('00000000-0000-0000-0000-0000000000d1', '00000000-0000-0000-0000-0000000000a1', 'Eldhús'),
  ('00000000-0000-0000-0000-0000000000d2', '00000000-0000-0000-0000-0000000000a1', 'Sal'),
  ('00000000-0000-0000-0000-0000000000d3', '00000000-0000-0000-0000-0000000000a1', 'Stjórnun')
on conflict (id) do nothing;

-- positions
insert into positions (id, company_id, name, base_rate) values
  ('00000000-0000-0000-0000-0000000000f1', '00000000-0000-0000-0000-0000000000c0', 'Kokkur', 2900),
  ('00000000-0000-0000-0000-0000000000f2', '00000000-0000-0000-0000-0000000000c0', 'Þjónn / Sal', 2750),
  ('00000000-0000-0000-0000-0000000000f3', '00000000-0000-0000-0000-0000000000c0', 'Bílstjóri', 2650)
on conflict (id) do nothing;

-- shift types (vaktategundir)
insert into shift_types (id, company_id, name, start_time, end_time, premium_pct, premium_label, color, bg, border) values
  ('00000000-0000-0000-0000-0000000000b1','00000000-0000-0000-0000-0000000000c0','Dagvakt',   '08:00','16:00', 0,  'Dagvinna',          '#4338ca','#eef0ff','#e0e2fb'),
  ('00000000-0000-0000-0000-0000000000b2','00000000-0000-0000-0000-0000000000c0','Morgunvakt','07:00','13:00', 33, '+33% fyrir 07:00',  '#1f9d6b','#e7f6ef','#cdeede'),
  ('00000000-0000-0000-0000-0000000000b3','00000000-0000-0000-0000-0000000000c0','Kvöldvakt', '16:00','24:00', 33, '+33% álag',          '#b06a12','#fff2e2','#fbe2c4'),
  ('00000000-0000-0000-0000-0000000000b4','00000000-0000-0000-0000-0000000000c0','Helgarvakt','12:00','20:00', 45, '+45% helgarálag',    '#c0392b','#fde9e6','#f8d2cb')
on conflict (id) do nothing;

-- employees (12, matching the prototype)
insert into employees
  (id, company_id, location_id, department_id, position_id, full_name, title, pay_type, rate, employment_ratio, union_agreement, role, avatar_color, status)
values
  ('00000000-0000-0000-0000-0000000e0001','00000000-0000-0000-0000-0000000000c0','00000000-0000-0000-0000-0000000000a1','00000000-0000-0000-0000-0000000000d1','00000000-0000-0000-0000-0000000000f1','Mína Huong','Vaktstjóri','hourly',2900,118,'Efling','employee','#5b50e6','active'),
  ('00000000-0000-0000-0000-0000000e0002','00000000-0000-0000-0000-0000000000c0','00000000-0000-0000-0000-0000000000a1','00000000-0000-0000-0000-0000000000d2','00000000-0000-0000-0000-0000000000f2','Bach Luu',null,'hourly',2900,100,'Efling','employee','#1fb6a6','active'),
  ('00000000-0000-0000-0000-0000000e0003','00000000-0000-0000-0000-0000000000c0','00000000-0000-0000-0000-0000000000a1','00000000-0000-0000-0000-0000000000d1','00000000-0000-0000-0000-0000000000f1','Phong Ha',null,'hourly',2900,98,'Efling','employee','#18a06a','active'),
  ('00000000-0000-0000-0000-0000000e0004','00000000-0000-0000-0000-0000000000c0','00000000-0000-0000-0000-0000000000a1','00000000-0000-0000-0000-0000000000d3',null,'Jón G.','Rekstrarstjóri','monthly',560000,100,'VR','manager','#8b7bff','active'),
  ('00000000-0000-0000-0000-0000000e0005','00000000-0000-0000-0000-0000000000c0','00000000-0000-0000-0000-0000000000a1','00000000-0000-0000-0000-0000000000d2','00000000-0000-0000-0000-0000000000f2','Ómar S.',null,'hourly',2900,130,'Efling','employee','#e0533f','over_ratio'),
  ('00000000-0000-0000-0000-0000000e0006','00000000-0000-0000-0000-0000000000c0','00000000-0000-0000-0000-0000000000a1','00000000-0000-0000-0000-0000000000d1','00000000-0000-0000-0000-0000000000f1','Ha Vu',null,'hourly',2900,83,'Efling','employee','#0891b2','active'),
  ('00000000-0000-0000-0000-0000000e0007','00000000-0000-0000-0000-0000000000c0','00000000-0000-0000-0000-0000000000a1','00000000-0000-0000-0000-0000000000d1','00000000-0000-0000-0000-0000000000f1','Truong Vu',null,'hourly',2900,100,'Efling','employee','#0f766e','active'),
  ('00000000-0000-0000-0000-0000000e0008','00000000-0000-0000-0000-0000000000c0','00000000-0000-0000-0000-0000000000a1','00000000-0000-0000-0000-0000000000d2','00000000-0000-0000-0000-0000000000f2','Moon M.',null,'hourly',2900,90,'Efling','employee','#2563eb','active'),
  ('00000000-0000-0000-0000-0000000e0009','00000000-0000-0000-0000-0000000000c0','00000000-0000-0000-0000-0000000000a1','00000000-0000-0000-0000-0000000000d1','00000000-0000-0000-0000-0000000000f1','Ngoan Thi',null,'hourly',2900,95,'Efling','employee','#16a34a','active'),
  ('00000000-0000-0000-0000-0000000e0010','00000000-0000-0000-0000-0000000000c0','00000000-0000-0000-0000-0000000000a1','00000000-0000-0000-0000-0000000000d2','00000000-0000-0000-0000-0000000000f2','Dalya R.',null,'hourly',2900,80,'Efling','employee','#ca8a04','active'),
  ('00000000-0000-0000-0000-0000000e0011','00000000-0000-0000-0000-0000000000c0','00000000-0000-0000-0000-0000000000a1','00000000-0000-0000-0000-0000000000d3',null,'Fannar F.',null,'hourly',2900,100,'VR','employee','#9333ea','active'),
  ('00000000-0000-0000-0000-0000000e0012','00000000-0000-0000-0000-0000000000c0','00000000-0000-0000-0000-0000000000a1','00000000-0000-0000-0000-0000000000d2','00000000-0000-0000-0000-0000000000f2','Lóa',null,'hourly',2900,70,'Efling','employee','#e11d48','active')
on conflict (id) do nothing;

-- integrations
insert into integrations (id, company_id, kind, status) values
  ('00000000-0000-0000-0000-00000000a001','00000000-0000-0000-0000-0000000000c0','payday','connected'),
  ('00000000-0000-0000-0000-00000000a002','00000000-0000-0000-0000-0000000000c0','inventra','connected'),
  ('00000000-0000-0000-0000-00000000a003','00000000-0000-0000-0000-0000000000c0','pos','available')
on conflict (id) do nothing;
